country,year,population
Global,2000,4852104000
Global,2001,4926135000
Global,2002,5001182000
Global,2003,5077241000
Global,2004,5153491000
Global,2005,5230557000
Global,2006,5308070000
Global,2007,5386966000
Global,2008,5467297000
Global,2009,5547803000
Global,2010,5628317000
Global,2011,5709230000
Global,2012,5790844000
Global,2013,5873778000
Global,2014,5955805000
Global,2015,6034316000
Global,2016,6114120000
Afghanistan,2000,17929000
Afghanistan,2001,18266000
Afghanistan,2002,19459000
Afghanistan,2003,20768000
Afghanistan,2004,21430000
Afghanistan,2005,22590000
Afghanistan,2006,23134000
Afghanistan,2007,23616000
Afghanistan,2008,24622000
Afghanistan,2009,25375000
Afghanistan,2010,26294000
Afghanistan,2011,27388000
Afghanistan,2012,28340000
Afghanistan,2013,29447000
Afghanistan,2014,30390000
Afghanistan,2015,30989000
Afghanistan,2016,31776000
Algeria,2000,31508000
Algeria,2001,32000000
Algeria,2002,32476000
Algeria,2003,32937000
Algeria,2004,33388000
Algeria,2005,33838000
Algeria,2006,34299000
Algeria,2007,34772000
Algeria,2008,35258000
Algeria,2009,35765000
Algeria,2010,36293000
Algeria,2011,36842000
Algeria,2012,37414000
Algeria,2013,38009000
Algeria,2014,38620000
Algeria,2015,39240000
Algeria,2016,39857000
Angola,2000,14688000
Angola,2001,15251000
Angola,2002,15843000
Angola,2003,16468000
Angola,2004,17123000
Angola,2005,17812000
Angola,2006,18536000
Angola,2007,19298000
Angola,2008,20097000
Angola,2009,20927000
Angola,2010,21785000
Angola,2011,22666000
Angola,2012,23567000
Angola,2013,24483000
Angola,2014,25409000
Angola,2015,26339000
Angola,2016,27268000
Argentina,2000,36784000
Argentina,2001,37187000
Argentina,2002,37612000
Argentina,2003,38051000
Argentina,2004,38496000
Argentina,2005,38934000
Argentina,2006,39356000
Argentina,2007,39768000
Argentina,2008,40192000
Argentina,2009,40640000
Argentina,2010,41102000
Argentina,2011,41565000
Argentina,2012,42019000
Argentina,2013,42466000
Argentina,2014,42923000
Argentina,2015,43385000
Argentina,2016,43831000
Armenia,2000,3321000
Armenia,2001,3301000
Armenia,2002,3277000
Armenia,2003,3253000
Armenia,2004,3228000
Armenia,2005,3204000
Armenia,2006,3181000
Armenia,2007,3160000
Armenia,2008,3140000
Armenia,2009,3121000
Armenia,2010,3105000
Armenia,2011,3091000
Armenia,2012,3078000
Armenia,2013,3067000
Armenia,2014,3057000
Armenia,2015,3047000
Armenia,2016,3038000
Azerbaijan,2000,8246000
Azerbaijan,2001,8325000
Azerbaijan,2002,8405000
Azerbaijan,2003,8491000
Azerbaijan,2004,8583000
Azerbaijan,2005,8683000
Azerbaijan,2006,8791000
Azerbaijan,2007,8908000
Azerbaijan,2008,9034000
Azerbaijan,2009,9166000
Azerbaijan,2010,9300000
Azerbaijan,2011,9436000
Azerbaijan,2012,9572000
Azerbaijan,2013,9709000
Azerbaijan,2014,9844000
Azerbaijan,2015,9976000
Azerbaijan,2016,10104000
Bangladesh,2000,128604000
Bangladesh,2001,130193000
Bangladesh,2002,131826000
Bangladesh,2003,133504000
Bangladesh,2004,135222000
Bangladesh,2005,136966000
Bangladesh,2006,138724000
Bangladesh,2007,140482000
Bangladesh,2008,142217000
Bangladesh,2009,143933000
Bangladesh,2010,145627000
Bangladesh,2011,147303000
Bangladesh,2012,148968000
Bangladesh,2013,150620000
Bangladesh,2014,152249000
Bangladesh,2015,153850000
Bangladesh,2016,155429000
Belize,2000,240000
Belize,2001,247000
Belize,2002,255000
Belize,2003,263000
Belize,2004,272000
Belize,2005,281000
Belize,2006,291000
Belize,2007,300000
Belize,2008,310000
Belize,2009,320000
Belize,2010,330000
Belize,2011,340000
Belize,2012,349000
Belize,2013,359000
Belize,2014,368000
Belize,2015,377000
Belize,2016,386000
Benin,2000,6698000
Benin,2001,6917000
Benin,2002,7146000
Benin,2003,7387000
Benin,2004,7639000
Benin,2005,7901000
Benin,2006,8171000
Benin,2007,8450000
Benin,2008,8738000
Benin,2009,9032000
Benin,2010,9334000
Benin,2011,9640000
Benin,2012,9952000
Benin,2013,10268000
Benin,2014,10589000
Benin,2015,10915000
Benin,2016,11247000
Bhutan,2000,603000
Bhutan,2001,615000
Bhutan,2002,628000
Bhutan,2003,640000
Bhutan,2004,652000
Bhutan,2005,664000
Bhutan,2006,681000
Bhutan,2007,702000
Bhutan,2008,728000
Bhutan,2009,758000
Bhutan,2010,790000
Bhutan,2011,823000
Bhutan,2012,853000
Bhutan,2013,879000
Bhutan,2014,902000
Bhutan,2015,924000
Bhutan,2016,942000
Bolivia,2000,8384000
Bolivia,2001,8582000
Bolivia,2002,8770000
Bolivia,2003,8948000
Bolivia,2004,9117000
Bolivia,2005,9280000
Bolivia,2006,9441000
Bolivia,2007,9603000
Bolivia,2008,9770000
Bolivia,2009,9944000
Bolivia,2010,10124000
Bolivia,2011,10311000
Bolivia,2012,10505000
Bolivia,2013,10707000
Bolivia,2014,10916000
Bolivia,2015,11128000
Bolivia,2016,11337000
Botswana,2000,1693000
Botswana,2001,1724000
Botswana,2002,1755000
Botswana,2003,1785000
Botswana,2004,1813000
Botswana,2005,1843000
Botswana,2006,1873000
Botswana,2007,1906000
Botswana,2008,1939000
Botswana,2009,1973000
Botswana,2010,2008000
Botswana,2011,2045000
Botswana,2012,2082000
Botswana,2013,2121000
Botswana,2014,2160000
Botswana,2015,2201000
Botswana,2016,2241000
Brazil,2000,174058000
Brazil,2001,176530000
Brazil,2002,178997000
Brazil,2003,181447000
Brazil,2004,183878000
Brazil,2005,186299000
Brazil,2006,188696000
Brazil,2007,191055000
Brazil,2008,193378000
Brazil,2009,195664000
Brazil,2010,197908000
Brazil,2011,200104000
Brazil,2012,202252000
Brazil,2013,204342000
Brazil,2014,206357000
Brazil,2015,208282000
Brazil,2016,210100000
Burkina Faso,2000,12301000
Burkina Faso,2001,12674000
Burkina Faso,2002,13068000
Burkina Faso,2003,13482000
Burkina Faso,2004,13916000
Burkina Faso,2005,14367000
Burkina Faso,2006,14835000
Burkina Faso,2007,15318000
Burkina Faso,2008,15818000
Burkina Faso,2009,16335000
Burkina Faso,2010,16868000
Burkina Faso,2011,17421000
Burkina Faso,2012,17995000
Burkina Faso,2013,18588000
Burkina Faso,2014,19199000
Burkina Faso,2015,19824000
Burkina Faso,2016,20464000
Burundi,2000,6265000
Burundi,2001,6407000
Burundi,2002,6571000
Burundi,2003,6794000
Burundi,2004,7042000
Burundi,2005,7300000
Burundi,2006,7577000
Burundi,2007,7867000
Burundi,2008,8290000
Burundi,2009,8739000
Burundi,2010,8976000
Burundi,2011,9192000
Burundi,2012,9528000
Burundi,2013,9878000
Burundi,2014,10100000
Burundi,2015,10265000
Burundi,2016,10551000
Cambodia,2000,12634000
Cambodia,2001,12819000
Cambodia,2002,13000000
Cambodia,2003,13188000
Cambodia,2004,13376000
Cambodia,2005,13560000
Cambodia,2006,13749000
Cambodia,2007,13944000
Cambodia,2008,14144000
Cambodia,2009,14349000
Cambodia,2010,14561000
Cambodia,2011,14777000
Cambodia,2012,14997000
Cambodia,2013,15220000
Cambodia,2014,15446000
Cambodia,2015,15672000
Cambodia,2016,15898000
Cameroon,2000,14966000
Cameroon,2001,15576000
Cameroon,2002,16222000
Cameroon,2003,16903000
Cameroon,2004,17614000
Cameroon,2005,18348000
Cameroon,2006,19096000
Cameroon,2007,19859000
Cameroon,2008,20632000
Cameroon,2009,21414000
Cameroon,2010,22202000
Cameroon,2011,22995000
Cameroon,2012,23794000
Cameroon,2013,24595000
Cameroon,2014,25394000
Cameroon,2015,26189000
Cameroon,2016,26980000
Cape Verde,2000,448000
Cape Verde,2001,456000
Cape Verde,2002,464000
Cape Verde,2003,470000
Cape Verde,2004,476000
Cape Verde,2005,482000
Cape Verde,2006,488000
Cape Verde,2007,493000
Cape Verde,2008,498000
Cape Verde,2009,503000
Cape Verde,2010,508000
Cape Verde,2011,514000
Cape Verde,2012,519000
Cape Verde,2013,525000
Cape Verde,2014,530000
Cape Verde,2015,535000
Cape Verde,2016,541000
Central African Republic,2000,3612000
Central African Republic,2001,3696000
Central African Republic,2002,3785000
Central African Republic,2003,3859000
Central African Republic,2004,3940000
Central African Republic,2005,4020000
Central African Republic,2006,4082000
Central African Republic,2007,4140000
Central African Republic,2008,4214000
Central African Republic,2009,4304000
Central African Republic,2010,4404000
Central African Republic,2011,4508000
Central African Republic,2012,4558000
Central African Republic,2013,4504000
Central African Republic,2014,4445000
Central African Republic,2015,4468000
Central African Republic,2016,4538000
Chad,2000,8268000
Chad,2001,8550000
Chad,2002,8848000
Chad,2003,9160000
Chad,2004,9487000
Chad,2005,9832000
Chad,2006,10194000
Chad,2007,10573000
Chad,2008,10968000
Chad,2009,11378000
Chad,2010,11803000
Chad,2011,12244000
Chad,2012,12700000
Chad,2013,13172000
Chad,2014,13659000
Chad,2015,14163000
Chad,2016,14684000
China,2000,1298682000
China,2001,1306107000
China,2002,1313079000
China,2003,1319995000
China,2004,1326947000
China,2005,1333750000
China,2006,1340523000
China,2007,1347451000
China,2008,1354322000
China,2009,1360997000
China,2010,1367215000
China,2011,1372740000
China,2012,1378258000
China,2013,1384604000
China,2014,1391514000
China,2015,1397044000
China,2016,1403797000
Colombia,2000,39822000
Colombia,2001,40490000
Colombia,2002,41143000
Colombia,2003,41794000
Colombia,2004,42456000
Colombia,2005,43124000
Colombia,2006,43792000
Colombia,2007,44456000
Colombia,2008,45116000
Colombia,2009,45762000
Colombia,2010,46396000
Colombia,2011,47025000
Colombia,2012,47647000
Colombia,2013,48260000
Colombia,2014,48865000
Colombia,2015,49460000
Colombia,2016,50039000
Comoros,2000,551000
Comoros,2001,560000
Comoros,2002,570000
Comoros,2003,579000
Comoros,2004,589000
Comoros,2005,599000
Comoros,2006,609000
Comoros,2007,620000
Comoros,2008,630000
Comoros,2009,640000
Comoros,2010,650000
Comoros,2011,660000
Comoros,2012,670000
Comoros,2013,680000
Comoros,2014,690000
Comoros,2015,699000
Comoros,2016,709000
Congo,2000,3173000
Congo,2001,3260000
Congo,2002,3351000
Congo,2003,3445000
Congo,2004,3543000
Congo,2005,3644000
Congo,2006,3749000
Congo,2007,3856000
Congo,2008,3964000
Congo,2009,4075000
Congo,2010,4185000
Congo,2011,4295000
Congo,2012,4404000
Congo,2013,4510000
Congo,2014,4614000
Congo,2015,4716000
Congo,2016,4815000
Costa Rica,2000,3914000
Costa Rica,2001,3981000
Costa Rica,2002,4040000
Costa Rica,2003,4093000
Costa Rica,2004,4143000
Costa Rica,2005,4189000
Costa Rica,2006,4233000
Costa Rica,2007,4276000
Costa Rica,2008,4319000
Costa Rica,2009,4360000
Costa Rica,2010,4399000
Costa Rica,2011,4437000
Costa Rica,2012,4474000
Costa Rica,2013,4511000
Costa Rica,2014,4548000
Costa Rica,2015,4584000
Costa Rica,2016,4619000
Cote d'Ivoire,2000,17113000
Cote d'Ivoire,2001,17577000
Cote d'Ivoire,2002,18037000
Cote d'Ivoire,2003,18491000
Cote d'Ivoire,2004,18940000
Cote d'Ivoire,2005,19386000
Cote d'Ivoire,2006,19830000
Cote d'Ivoire,2007,20274000
Cote d'Ivoire,2008,20720000
Cote d'Ivoire,2009,21170000
Cote d'Ivoire,2010,21622000
Cote d'Ivoire,2011,22076000
Cote d'Ivoire,2012,22536000
Cote d'Ivoire,2013,23003000
Cote d'Ivoire,2014,23478000
Cote d'Ivoire,2015,23963000
Cote d'Ivoire,2016,24458000
Democratic Republic of the Congo,2000,50036000
Democratic Republic of the Congo,2001,51444000
Democratic Republic of the Congo,2002,52902000
Democratic Republic of the Congo,2003,54413000
Democratic Republic of the Congo,2004,55986000
Democratic Republic of the Congo,2005,57625000
Democratic Republic of the Congo,2006,59323000
Democratic Republic of the Congo,2007,61074000
Democratic Republic of the Congo,2008,62875000
Democratic Republic of the Congo,2009,64718000
Democratic Republic of the Congo,2010,66609000
Democratic Republic of the Congo,2011,68545000
Democratic Republic of the Congo,2012,70517000
Democratic Republic of the Congo,2013,72523000
Democratic Republic of the Congo,2014,74563000
Democratic Republic of the Congo,2015,76639000
Democratic Republic of the Congo,2016,78746000
Djibouti,2000,649000
Djibouti,2001,674000
Djibouti,2002,703000
Djibouti,2003,730000
Djibouti,2004,749000
Djibouti,2005,766000
Djibouti,2006,786000
Djibouti,2007,810000
Djibouti,2008,839000
Djibouti,2009,869000
Djibouti,2010,902000
Djibouti,2011,934000
Djibouti,2012,964000
Djibouti,2013,994000
Djibouti,2014,1022000
Djibouti,2015,1052000
Djibouti,2016,1083000
Dominican Republic,2000,8659000
Dominican Republic,2001,8796000
Dominican Republic,2002,8927000
Dominican Republic,2003,9055000
Dominican Republic,2004,9176000
Dominican Republic,2005,9287000
Dominican Republic,2006,9388000
Dominican Republic,2007,9482000
Dominican Republic,2008,9573000
Dominican Republic,2009,9662000
Dominican Republic,2010,9752000
Dominican Republic,2011,9844000
Dominican Republic,2012,9938000
Dominican Republic,2013,10035000
Dominican Republic,2014,10137000
Dominican Republic,2015,10241000
Dominican Republic,2016,10346000
Ecuador,2000,12378000
Ecuador,2001,12638000
Ecuador,2002,12893000
Ecuador,2003,13140000
Ecuador,2004,13383000
Ecuador,2005,13629000
Ecuador,2006,13876000
Ecuador,2007,14126000
Ecuador,2008,14377000
Ecuador,2009,14636000
Ecuador,2010,14906000
Ecuador,2011,15179000
Ecuador,2012,15443000
Ecuador,2013,15696000
Ecuador,2014,15945000
Ecuador,2015,16193000
Ecuador,2016,16441000
Egypt,2000,66898000
Egypt,2001,68356000
Egypt,2002,69851000
Egypt,2003,71382000
Egypt,2004,72951000
Egypt,2005,74556000
Egypt,2006,76193000
Egypt,2007,77866000
Egypt,2008,79579000
Egypt,2009,81327000
Egypt,2010,83107000
Egypt,2011,84925000
Egypt,2012,86819000
Egypt,2013,88810000
Egypt,2014,90851000
Egypt,2015,92843000
Egypt,2016,94718000
El Salvador,2000,5793000
El Salvador,2001,5825000
El Salvador,2002,5852000
El Salvador,2003,5874000
El Salvador,2004,5891000
El Salvador,2005,5905000
El Salvador,2006,5916000
El Salvador,2007,5926000
El Salvador,2008,5935000
El Salvador,2009,5945000
El Salvador,2010,5957000
El Salvador,2011,5972000
El Salvador,2012,5989000
El Salvador,2013,6007000
El Salvador,2014,6025000
El Salvador,2015,6043000
El Salvador,2016,6063000
Equatorial Guinea,2000,653000
Equatorial Guinea,2001,685000
Equatorial Guinea,2002,719000
Equatorial Guinea,2003,754000
Equatorial Guinea,2004,791000
Equatorial Guinea,2005,829000
Equatorial Guinea,2006,868000
Equatorial Guinea,2007,908000
Equatorial Guinea,2008,949000
Equatorial Guinea,2009,992000
Equatorial Guinea,2010,1035000
Equatorial Guinea,2011,1078000
Equatorial Guinea,2012,1122000
Equatorial Guinea,2013,1167000
Equatorial Guinea,2014,1211000
Equatorial Guinea,2015,1256000
Equatorial Guinea,2016,1301000
Eritrea,2000,3500000
Eritrea,2001,3677000
Eritrea,2002,4007000
Eritrea,2003,4317000
Eritrea,2004,4424000
Eritrea,2005,4543000
Eritrea,2006,4649000
Eritrea,2007,4791000
Eritrea,2008,4944000
Eritrea,2009,5071000
Eritrea,2010,5191000
Eritrea,2011,5286000
Eritrea,2012,5381000
Eritrea,2013,5464000
Eritrea,2014,5538000
Eritrea,2015,5621000
Eritrea,2016,5725000
Ethiopia,2000,68429000
Ethiopia,2001,70008000
Ethiopia,2002,71638000
Ethiopia,2003,73269000
Ethiopia,2004,74904000
Ethiopia,2005,76597000
Ethiopia,2006,78385000
Ethiopia,2007,80236000
Ethiopia,2008,82153000
Ethiopia,2009,84140000
Ethiopia,2010,86259000
Ethiopia,2011,88458000
Ethiopia,2012,90672000
Ethiopia,2013,93036000
Ethiopia,2014,95470000
Ethiopia,2015,97901000
Ethiopia,2016,100371000
Gabon,2000,1234000
Gabon,2001,1260000
Gabon,2002,1285000
Gabon,2003,1311000
Gabon,2004,1337000
Gabon,2005,1363000
Gabon,2006,1390000
Gabon,2007,1417000
Gabon,2008,1444000
Gabon,2009,1472000
Gabon,2010,1500000
Gabon,2011,1528000
Gabon,2012,1557000
Gabon,2013,1586000
Gabon,2014,1615000
Gabon,2015,1644000
Gabon,2016,1673000
Georgia,2000,4692000
Georgia,2001,4596000
Georgia,2002,4502000
Georgia,2003,4412000
Georgia,2004,4330000
Georgia,2005,4258000
Georgia,2006,4192000
Georgia,2007,4132000
Georgia,2008,4075000
Georgia,2009,4022000
Georgia,2010,3972000
Georgia,2011,3924000
Georgia,2012,3881000
Georgia,2013,3841000
Georgia,2014,3805000
Georgia,2015,3768000
Georgia,2016,3730000
Ghana,2000,19143000
Ghana,2001,19676000
Ghana,2002,20228000
Ghana,2003,20800000
Ghana,2004,21392000
Ghana,2005,22007000
Ghana,2006,22642000
Ghana,2007,23284000
Ghana,2008,23926000
Ghana,2009,24574000
Ghana,2010,25227000
Ghana,2011,25887000
Ghana,2012,26561000
Ghana,2013,27260000
Ghana,2014,27979000
Ghana,2015,28715000
Ghana,2016,29459000
Guatemala,2000,10939000
Guatemala,2001,11287000
Guatemala,2002,11641000
Guatemala,2003,11998000
Guatemala,2004,12353000
Guatemala,2005,12701000
Guatemala,2006,13042000
Guatemala,2007,13385000
Guatemala,2008,13733000
Guatemala,2009,14081000
Guatemala,2010,14427000
Guatemala,2011,14769000
Guatemala,2012,15112000
Guatemala,2013,15463000
Guatemala,2014,15819000
Guatemala,2015,16180000
Guatemala,2016,16548000
Guinea,2000,8122000
Guinea,2001,8195000
Guinea,2002,8383000
Guinea,2003,8574000
Guinea,2004,8729000
Guinea,2005,8901000
Guinea,2006,9093000
Guinea,2007,9286000
Guinea,2008,9508000
Guinea,2009,9741000
Guinea,2010,9984000
Guinea,2011,10230000
Guinea,2012,10477000
Guinea,2013,10730000
Guinea,2014,10991000
Guinea,2015,11255000
Guinea,2016,11531000
Guinea-Bissau,2000,1249000
Guinea-Bissau,2001,1277000
Guinea-Bissau,2002,1306000
Guinea-Bissau,2003,1335000
Guinea-Bissau,2004,1366000
Guinea-Bissau,2005,1397000
Guinea-Bissau,2006,1430000
Guinea-Bissau,2007,1464000
Guinea-Bissau,2008,1499000
Guinea-Bissau,2009,1535000
Guinea-Bissau,2010,1572000
Guinea-Bissau,2011,1610000
Guinea-Bissau,2012,1649000
Guinea-Bissau,2013,1689000
Guinea-Bissau,2014,1729000
Guinea-Bissau,2015,1771000
Guinea-Bissau,2016,1813000
Guyana,2000,781000
Guyana,2001,780000
Guyana,2002,778000
Guyana,2003,776000
Guyana,2004,773000
Guyana,2005,769000
Guyana,2006,765000
Guyana,2007,762000
Guyana,2008,759000
Guyana,2009,756000
Guyana,2010,753000
Guyana,2011,750000
Guyana,2012,747000
Guyana,2013,745000
Guyana,2014,744000
Guyana,2015,743000
Guyana,2016,742000
Haiti,2000,8204000
Haiti,2001,8406000
Haiti,2002,8613000
Haiti,2003,8823000
Haiti,2004,9034000
Haiti,2005,9249000
Haiti,2006,9468000
Haiti,2007,9690000
Haiti,2008,9915000
Haiti,2009,10144000
Haiti,2010,10263000
Haiti,2011,10382000
Haiti,2012,10615000
Haiti,2013,10852000
Haiti,2014,11092000
Haiti,2015,11335000
Haiti,2016,11579000
Honduras,2000,6192000
Honduras,2001,6355000
Honduras,2002,6521000
Honduras,2003,6691000
Honduras,2004,6863000
Honduras,2005,7040000
Honduras,2006,7221000
Honduras,2007,7407000
Honduras,2008,7598000
Honduras,2009,7795000
Honduras,2010,7996000
Honduras,2011,8202000
Honduras,2012,8410000
Honduras,2013,8621000
Honduras,2014,8835000
Honduras,2015,9051000
Honduras,2016,9273000
India,2000,1052961000
India,2001,1072489000
India,2002,1092072000
India,2003,1111819000
India,2004,1131598000
India,2005,1151303000
India,2006,1170938000
India,2007,1190627000
India,2008,1210355000
India,2009,1229952000
India,2010,1249524000
India,2011,1269419000
India,2012,1289923000
India,2013,1310590000
India,2014,1330045000
India,2015,1347897000
India,2016,1364629000
Indonesia,2000,213339000
Indonesia,2001,216137000
Indonesia,2002,218979000
Indonesia,2003,221846000
Indonesia,2004,224644000
Indonesia,2005,227443000
Indonesia,2006,230315000
Indonesia,2007,233174000
Indonesia,2008,236007000
Indonesia,2009,238797000
Indonesia,2010,241533000
Indonesia,2011,244205000
Indonesia,2012,246793000
Indonesia,2013,249281000
Indonesia,2014,251661000
Indonesia,2015,253930000
Indonesia,2016,256085000
Iran,2000,67499000
Iran,2001,68463000
Iran,2002,69256000
Iran,2003,70313000
Iran,2004,71349000
Iran,2005,72128000
Iran,2006,72968000
Iran,2007,73833000
Iran,2008,74816000
Iran,2009,75776000
Iran,2010,76594000
Iran,2011,77376000
Iran,2012,78210000
Iran,2013,79097000
Iran,2014,79966000
Iran,2015,80732000
Iran,2016,81467000
Iraq,2000,26408000
Iraq,2001,27341000
Iraq,2002,28247000
Iraq,2003,29065000
Iraq,2004,30045000
Iraq,2005,30481000
Iraq,2006,30345000
Iraq,2007,30996000
Iraq,2008,32169000
Iraq,2009,33225000
Iraq,2010,34360000
Iraq,2011,35844000
Iraq,2012,37528000
Iraq,2013,38955000
Iraq,2014,40095000
Iraq,2015,41105000
Iraq,2016,42172000
Kazakhstan,2000,15357000
Kazakhstan,2001,15299000
Kazakhstan,2002,15271000
Kazakhstan,2003,15275000
Kazakhstan,2004,15313000
Kazakhstan,2005,15386000
Kazakhstan,2006,15490000
Kazakhstan,2007,15628000
Kazakhstan,2008,15799000
Kazakhstan,2009,15995000
Kazakhstan,2010,16205000
Kazakhstan,2011,16439000
Kazakhstan,2012,16673000
Kazakhstan,2013,16911000
Kazakhstan,2014,17161000
Kazakhstan,2015,17416000
Kazakhstan,2016,17669000
Kenya,2000,30893000
Kenya,2001,31761000
Kenya,2002,32668000
Kenya,2003,33603000
Kenya,2004,34555000
Kenya,2005,35529000
Kenya,2006,36533000
Kenya,2007,37559000
Kenya,2008,38599000
Kenya,2009,39647000
Kenya,2010,40694000
Kenya,2011,41750000
Kenya,2012,42825000
Kenya,2013,43919000
Kenya,2014,45018000
Kenya,2015,46114000
Kenya,2016,47214000
Kyrgyzstan,2000,5024000
Kyrgyzstan,2001,5071000
Kyrgyzstan,2002,5118000
Kyrgyzstan,2003,5166000
Kyrgyzstan,2004,5216000
Kyrgyzstan,2005,5270000
Kyrgyzstan,2006,5329000
Kyrgyzstan,2007,5395000
Kyrgyzstan,2008,5468000
Kyrgyzstan,2009,5549000
Kyrgyzstan,2010,5640000
Kyrgyzstan,2011,5737000
Kyrgyzstan,2012,5840000
Kyrgyzstan,2013,5944000
Kyrgyzstan,2014,6050000
Kyrgyzstan,2015,6157000
Kyrgyzstan,2016,6263000
Laos,2000,5330000
Laos,2001,5448000
Laos,2002,5565000
Laos,2003,5675000
Laos,2004,5777000
Laos,2005,5877000
Laos,2006,5984000
Laos,2007,6089000
Laos,2008,6183000
Laos,2009,6272000
Laos,2010,6360000
Laos,2011,6447000
Laos,2012,6533000
Laos,2013,6618000
Laos,2014,6704000
Laos,2015,6791000
Laos,2016,6880000
Liberia,2000,2929000
Liberia,2001,3017000
Liberia,2002,3024000
Liberia,2003,3014000
Liberia,2004,3095000
Liberia,2005,3228000
Liberia,2006,3398000
Liberia,2007,3580000
Liberia,2008,3705000
Liberia,2009,3816000
Liberia,2010,4051000
Liberia,2011,4225000
Liberia,2012,4257000
Liberia,2013,4337000
Liberia,2014,4427000
Liberia,2015,4519000
Liberia,2016,4617000
Madagascar,2000,15859000
Madagascar,2001,16342000
Madagascar,2002,16840000
Madagascar,2003,17348000
Madagascar,2004,17863000
Madagascar,2005,18389000
Madagascar,2006,18931000
Madagascar,2007,19494000
Madagascar,2008,20080000
Madagascar,2009,20678000
Madagascar,2010,21286000
Madagascar,2011,21913000
Madagascar,2012,22572000
Madagascar,2013,23253000
Madagascar,2014,23946000
Madagascar,2015,24653000
Madagascar,2016,25373000
Malawi,2000,11168000
Malawi,2001,11450000
Malawi,2002,11737000
Malawi,2003,12025000
Malawi,2004,12324000
Malawi,2005,12638000
Malawi,2006,12956000
Malawi,2007,13281000
Malawi,2008,13624000
Malawi,2009,13978000
Malawi,2010,14339000
Malawi,2011,14708000
Malawi,2012,15092000
Malawi,2013,15491000
Malawi,2014,15901000
Malawi,2015,16325000
Malawi,2016,16757000
Malaysia,2000,23838000
Malaysia,2001,24365000
Malaysia,2002,24884000
Malaysia,2003,25366000
Malaysia,2004,25812000
Malaysia,2005,26236000
Malaysia,2006,26644000
Malaysia,2007,27023000
Malaysia,2008,27389000
Malaysia,2009,27758000
Malaysia,2010,28119000
Malaysia,2011,28481000
Malaysia,2012,28851000
Malaysia,2013,29210000
Malaysia,2014,29562000
Malaysia,2015,29924000
Malaysia,2016,30287000
Mali,2000,11029000
Mali,2001,11398000
Mali,2002,11796000
Mali,2003,12222000
Mali,2004,12675000
Mali,2005,13154000
Mali,2006,13656000
Mali,2007,14183000
Mali,2008,14735000
Mali,2009,15306000
Mali,2010,15896000
Mali,2011,16398000
Mali,2012,16898000
Mali,2013,17519000
Mali,2014,18174000
Mali,2015,18843000
Mali,2016,19534000
Mauritania,2000,2613000
Mauritania,2001,2675000
Mauritania,2002,2740000
Mauritania,2003,2808000
Mauritania,2004,2877000
Mauritania,2005,2949000
Mauritania,2006,3023000
Mauritania,2007,3099000
Mauritania,2008,3177000
Mauritania,2009,3256000
Mauritania,2010,3337000
Mauritania,2011,3418000
Mauritania,2012,3500000
Mauritania,2013,3582000
Mauritania,2014,3665000
Mauritania,2015,3747000
Mauritania,2016,3830000
Mexico,2000,101772000
Mexico,2001,103195000
Mexico,2002,104634000
Mexico,2003,106079000
Mexico,2004,107532000
Mexico,2005,108987000
Mexico,2006,110447000
Mexico,2007,111921000
Mexico,2008,113392000
Mexico,2009,114844000
Mexico,2010,116292000
Mexico,2011,117747000
Mexico,2012,119211000
Mexico,2013,120676000
Mexico,2014,122143000
Mexico,2015,123617000
Mexico,2016,125096000
Morocco,2000,29532000
Morocco,2001,29901000
Morocco,2002,30264000
Morocco,2003,30622000
Morocco,2004,30981000
Morocco,2005,31345000
Morocco,2006,31711000
Morocco,2007,32077000
Morocco,2008,32443000
Morocco,2009,32807000
Morocco,2010,33167000
Morocco,2011,33522000
Morocco,2012,33872000
Morocco,2013,34215000
Morocco,2014,34549000
Morocco,2015,34874000
Morocco,2016,35186000
Mozambique,2000,17315000
Mozambique,2001,17749000
Mozambique,2002,18219000
Mozambique,2003,18727000
Mozambique,2004,19275000
Mozambique,2005,19865000
Mozambique,2006,20500000
Mozambique,2007,21181000
Mozambique,2008,21911000
Mozambique,2009,22683000
Mozambique,2010,23492000
Mozambique,2011,24330000
Mozambique,2012,25196000
Mozambique,2013,26095000
Mozambique,2014,27033000
Mozambique,2015,28006000
Mozambique,2016,29007000
Myanmar,2000,45959000
Myanmar,2001,46450000
Myanmar,2002,46928000
Myanmar,2003,47391000
Myanmar,2004,47841000
Myanmar,2005,48279000
Myanmar,2006,48705000
Myanmar,2007,49120000
Myanmar,2008,49452000
Myanmar,2009,49768000
Myanmar,2010,50147000
Myanmar,2011,50524000
Myanmar,2012,50905000
Myanmar,2013,51289000
Myanmar,2014,51672000
Myanmar,2015,52052000
Myanmar,2016,52427000
Namibia,2000,1845000
Namibia,2001,1877000
Namibia,2002,1906000
Namibia,2003,1934000
Namibia,2004,1960000
Namibia,2005,1985000
Namibia,2006,2009000
Namibia,2007,2035000
Namibia,2008,2062000
Namibia,2009,2089000
Namibia,2010,2118000
Namibia,2011,2149000
Namibia,2012,2181000
Namibia,2013,2215000
Namibia,2014,2249000
Namibia,2015,2284000
Namibia,2016,2319000
Nepal,2000,23879000
Nepal,2001,24321000
Nepal,2002,24745000
Nepal,2003,25152000
Nepal,2004,25544000
Nepal,2005,25920000
Nepal,2006,26285000
Nepal,2007,26639000
Nepal,2008,26985000
Nepal,2009,27321000
Nepal,2010,27650000
Nepal,2011,27974000
Nepal,2012,28295000
Nepal,2013,28616000
Nepal,2014,28937000
Nepal,2015,29254000
Nepal,2016,29570000
Nicaragua,2000,4951000
Nicaragua,2001,5035000
Nicaragua,2002,5116000
Nicaragua,2003,5196000
Nicaragua,2004,5275000
Nicaragua,2005,5355000
Nicaragua,2006,5436000
Nicaragua,2007,5520000
Nicaragua,2008,5606000
Nicaragua,2009,5693000
Nicaragua,2010,5781000
Nicaragua,2011,5869000
Nicaragua,2012,5956000
Nicaragua,2013,6043000
Nicaragua,2014,6131000
Nicaragua,2015,6219000
Nicaragua,2016,6308000
Niger,2000,11246000
Niger,2001,11668000
Niger,2002,12109000
Niger,2003,12570000
Niger,2004,13052000
Niger,2005,13554000
Niger,2006,14078000
Niger,2007,14624000
Niger,2008,15193000
Niger,2009,15784000
Niger,2010,16398000
Niger,2011,17034000
Niger,2012,17693000
Niger,2013,18375000
Niger,2014,19084000
Niger,2015,19819000
Niger,2016,20582000
Nigeria,2000,121833000
Nigeria,2001,125693000
Nigeria,2002,129679000
Nigeria,2003,133794000
Nigeria,2004,138047000
Nigeria,2005,142448000
Nigeria,2006,146985000
Nigeria,2007,151639000
Nigeria,2008,156424000
Nigeria,2009,161355000
Nigeria,2010,166431000
Nigeria,2011,171656000
Nigeria,2012,177027000
Nigeria,2013,182539000
Nigeria,2014,188189000
Nigeria,2015,193995000
Nigeria,2016,199964000
North Korea,2000,23188000
North Korea,2001,23405000
North Korea,2002,23606000
North Korea,2003,23827000
North Korea,2004,24070000
North Korea,2005,24297000
North Korea,2006,24507000
North Korea,2007,24700000
North Korea,2008,24874000
North Korea,2009,25027000
North Korea,2010,25161000
North Korea,2011,25277000
North Korea,2012,25377000
North Korea,2013,25466000
North Korea,2014,25543000
North Korea,2015,25610000
North Korea,2016,25668000
Oman,2000,2302000
Oman,2001,2337000
Oman,2002,2393000
Oman,2003,2424000
Oman,2004,2408000
Oman,2005,2394000
Oman,2006,2446000
Oman,2007,2543000
Oman,2008,2625000
Oman,2009,2697000
Oman,2010,2850000
Oman,2011,3190000
Oman,2012,3619000
Oman,2013,3864000
Oman,2014,3987000
Oman,2015,4152000
Oman,2016,4397000
Pakistan,2000,140735000
Pakistan,2001,144471000
Pakistan,2002,148284000
Pakistan,2003,152191000
Pakistan,2004,156187000
Pakistan,2005,160218000
Pakistan,2006,164330000
Pakistan,2007,168577000
Pakistan,2008,172906000
Pakistan,2009,177295000
Pakistan,2010,181735000
Pakistan,2011,186251000
Pakistan,2012,190844000
Pakistan,2013,195451000
Pakistan,2014,200057000
Pakistan,2015,204723000
Pakistan,2016,209471000
Panama,2000,2907000
Panama,2001,2962000
Panama,2002,3018000
Panama,2003,3075000
Panama,2004,3132000
Panama,2005,3190000
Panama,2006,3249000
Panama,2007,3309000
Panama,2008,3370000
Panama,2009,3431000
Panama,2010,3492000
Panama,2011,3553000
Panama,2012,3615000
Panama,2013,3678000
Panama,2014,3740000
Panama,2015,3802000
Panama,2016,3862000
Papua New Guinea,2000,5526000
Papua New Guinea,2001,5706000
Papua New Guinea,2002,5891000
Papua New Guinea,2003,6081000
Papua New Guinea,2004,6276000
Papua New Guinea,2005,6475000
Papua New Guinea,2006,6679000
Papua New Guinea,2007,6888000
Papua New Guinea,2008,7101000
Papua New Guinea,2009,7320000
Papua New Guinea,2010,7543000
Papua New Guinea,2011,7771000
Papua New Guinea,2012,8004000
Papua New Guinea,2013,8241000
Papua New Guinea,2014,8482000
Papua New Guinea,2015,8727000
Papua New Guinea,2016,8976000
Paraguay,2000,5128000
Paraguay,2001,5233000
Paraguay,2002,5336000
Paraguay,2003,5437000
Paraguay,2004,5536000
Paraguay,2005,5635000
Paraguay,2006,5732000
Paraguay,2007,5831000
Paraguay,2008,5931000
Paraguay,2009,6033000
Paraguay,2010,6138000
Paraguay,2011,6248000
Paraguay,2012,6361000
Paraguay,2013,6477000
Paraguay,2014,6592000
Paraguay,2015,6707000
Paraguay,2016,6820000
Peru,2000,25701000
Peru,2001,26009000
Peru,2002,26313000
Peru,2003,26614000
Peru,2004,26912000
Peru,2005,27213000
Peru,2006,27524000
Peru,2007,27848000
Peru,2008,28183000
Peru,2009,28546000
Peru,2010,28960000
Peru,2011,29450000
Peru,2012,30044000
Peru,2013,30767000
Peru,2014,31487000
Peru,2015,32121000
Peru,2016,32648000
Philippines,2000,79808000
Philippines,2001,81556000
Philippines,2002,83300000
Philippines,2003,85031000
Philippines,2004,86738000
Philippines,2005,88411000
Philippines,2006,90035000
Philippines,2007,91600000
Philippines,2008,93098000
Philippines,2009,94525000
Philippines,2010,95885000
Philippines,2011,97154000
Philippines,2012,98313000
Philippines,2013,99378000
Philippines,2014,100396000
Philippines,2015,101399000
Philippines,2016,102421000
Rwanda,2000,8139000
Rwanda,2001,8311000
Rwanda,2002,8487000
Rwanda,2003,8697000
Rwanda,2004,8899000
Rwanda,2005,9101000
Rwanda,2006,9341000
Rwanda,2007,9596000
Rwanda,2008,9827000
Rwanda,2009,10076000
Rwanda,2010,10374000
Rwanda,2011,10683000
Rwanda,2012,11013000
Rwanda,2013,11347000
Rwanda,2014,11605000
Rwanda,2015,11871000
Rwanda,2016,12211000
Sao Tome and Principe,2000,143000
Sao Tome and Principe,2001,145000
Sao Tome and Principe,2002,148000
Sao Tome and Principe,2003,151000
Sao Tome and Principe,2004,154000
Sao Tome and Principe,2005,157000
Sao Tome and Principe,2006,160000
Sao Tome and Principe,2007,164000
Sao Tome and Principe,2008,168000
Sao Tome and Principe,2009,171000
Sao Tome and Principe,2010,175000
Sao Tome and Principe,2011,179000
Sao Tome and Principe,2012,182000
Sao Tome and Principe,2013,186000
Sao Tome and Principe,2014,190000
Sao Tome and Principe,2015,193000
Sao Tome and Principe,2016,197000
Saudi Arabia,2000,21144000
Saudi Arabia,2001,21564000
Saudi Arabia,2002,22018000
Saudi Arabia,2003,22523000
Saudi Arabia,2004,23094000
Saudi Arabia,2005,23754000
Saudi Arabia,2006,24495000
Saudi Arabia,2007,25309000
Saudi Arabia,2008,26185000
Saudi Arabia,2009,27107000
Saudi Arabia,2010,28054000
Saudi Arabia,2011,29001000
Saudi Arabia,2012,29943000
Saudi Arabia,2013,30877000
Saudi Arabia,2014,31797000
Saudi Arabia,2015,32701000
Saudi Arabia,2016,33583000
Senegal,2000,9911000
Senegal,2001,10157000
Senegal,2002,10406000
Senegal,2003,10658000
Senegal,2004,10915000
Senegal,2005,11176000
Senegal,2006,11441000
Senegal,2007,11713000
Senegal,2008,11989000
Senegal,2009,12270000
Senegal,2010,12557000
Senegal,2011,12847000
Senegal,2012,13141000
Senegal,2013,13439000
Senegal,2014,13742000
Senegal,2015,14051000
Senegal,2016,14366000
Sierra Leone,2000,4311000
Sierra Leone,2001,4585000
Sierra Leone,2002,4840000
Sierra Leone,2003,5077000
Sierra Leone,2004,5274000
Sierra Leone,2005,5447000
Sierra Leone,2006,5605000
Sierra Leone,2007,5765000
Sierra Leone,2008,5947000
Sierra Leone,2009,6147000
Sierra Leone,2010,6348000
Sierra Leone,2011,6550000
Sierra Leone,2012,6756000
Sierra Leone,2013,6967000
Sierra Leone,2014,7178000
Sierra Leone,2015,7389000
Sierra Leone,2016,7607000
Solomon Islands,2000,445000
Solomon Islands,2001,455000
Solomon Islands,2002,466000
Solomon Islands,2003,476000
Solomon Islands,2004,487000
Solomon Islands,2005,497000
Solomon Islands,2006,508000
Solomon Islands,2007,519000
Solomon Islands,2008,530000
Solomon Islands,2009,541000
Solomon Islands,2010,552000
Solomon Islands,2011,564000
Solomon Islands,2012,576000
Solomon Islands,2013,588000
Solomon Islands,2014,600000
Solomon Islands,2015,612000
Solomon Islands,2016,625000
Somalia,2000,9738000
Somalia,2001,10127000
Somalia,2002,10547000
Somalia,2003,10971000
Somalia,2004,11379000
Somalia,2005,11777000
Somalia,2006,12205000
Somalia,2007,12615000
Somalia,2008,12968000
Somalia,2009,13333000
Somalia,2010,13574000
Somalia,2011,13826000
Somalia,2012,14249000
Somalia,2013,14739000
Somalia,2014,15230000
Somalia,2015,15770000
Somalia,2016,16348000
South Africa,2000,45633000
South Africa,2001,46371000
South Africa,2002,47037000
South Africa,2003,47632000
South Africa,2004,48168000
South Africa,2005,48663000
South Africa,2006,49127000
South Africa,2007,49571000
South Africa,2008,49997000
South Africa,2009,50418000
South Africa,2010,50862000
South Africa,2011,51346000
South Africa,2012,51881000
South Africa,2013,52471000
South Africa,2014,53101000
South Africa,2015,53728000
South Africa,2016,54336000
South Korea,2000,46843000
South Korea,2001,47082000
South Korea,2002,47277000
South Korea,2003,47452000
South Korea,2004,47629000
South Korea,2005,47823000
South Korea,2006,48047000
South Korea,2007,48306000
South Korea,2008,48603000
South Korea,2009,48947000
South Korea,2010,49343000
South Korea,2011,49799000
South Korea,2012,50293000
South Korea,2013,50799000
South Korea,2014,51303000
South Korea,2015,51792000
South Korea,2016,52245000
South Sudan,2000,7289000
South Sudan,2001,7469000
South Sudan,2002,7657000
South Sudan,2003,7854000
South Sudan,2004,8061000
South Sudan,2005,8277000
South Sudan,2006,8501000
South Sudan,2007,8735000
South Sudan,2008,8980000
South Sudan,2009,9234000
South Sudan,2010,9497000
South Sudan,2011,9819000
South Sudan,2012,10164000
South Sudan,2013,10177000
South Sudan,2014,10058000
South Sudan,2015,9824000
South Sudan,2016,9689000
Sri Lanka,2000,18798000
Sri Lanka,2001,18963000
Sri Lanka,2002,19138000
Sri Lanka,2003,19317000
Sri Lanka,2004,19478000
Sri Lanka,2005,19641000
Sri Lanka,2006,19821000
Sri Lanka,2007,20002000
Sri Lanka,2008,20179000
Sri Lanka,2009,20352000
Sri Lanka,2010,20524000
Sri Lanka,2011,20698000
Sri Lanka,2012,20871000
Sri Lanka,2013,21040000
Sri Lanka,2014,21199000
Sri Lanka,2015,21346000
Sri Lanka,2016,21478000
Sudan,2000,27119000
Sudan,2001,27760000
Sudan,2002,28290000
Sudan,2003,28775000
Sudan,2004,29421000
Sudan,2005,30160000
Sudan,2006,30948000
Sudan,2007,31793000
Sudan,2008,32696000
Sudan,2009,33566000
Sudan,2010,34285000
Sudan,2011,35009000
Sudan,2012,35802000
Sudan,2013,36651000
Sudan,2014,37566000
Sudan,2015,38488000
Sudan,2016,39393000
Suriname,2000,449000
Suriname,2001,461000
Suriname,2002,474000
Suriname,2003,486000
Suriname,2004,496000
Suriname,2005,505000
Suriname,2006,514000
Suriname,2007,521000
Suriname,2008,527000
Suriname,2009,532000
Suriname,2010,537000
Suriname,2011,546000
Suriname,2012,552000
Suriname,2013,558000
Suriname,2014,562000
Suriname,2015,566000
Suriname,2016,569000
Swaziland,2000,1012000
Swaziland,2001,1023000
Swaziland,2002,1031000
Swaziland,2003,1039000
Swaziland,2004,1044000
Swaziland,2005,1049000
Swaziland,2006,1053000
Swaziland,2007,1057000
Swaziland,2008,1060000
Swaziland,2009,1064000
Swaziland,2010,1068000
Swaziland,2011,1073000
Swaziland,2012,1079000
Swaziland,2013,1086000
Swaziland,2014,1094000
Swaziland,2015,1103000
Swaziland,2016,1113000
Syria,2000,16588000
Syria,2001,17004000
Syria,2002,17450000
Syria,2003,17941000
Syria,2004,18469000
Syria,2005,19372000
Syria,2006,20735000
Syria,2007,21539000
Syria,2008,21877000
Syria,2009,22375000
Syria,2010,22739000
Syria,2011,22567000
Syria,2012,21318000
Syria,2013,19898000
Syria,2014,18873000
Syria,2015,18120000
Syria,2016,17987000
Tajikistan,2000,6366000
Tajikistan,2001,6474000
Tajikistan,2002,6588000
Tajikistan,2003,6708000
Tajikistan,2004,6834000
Tajikistan,2005,6973000
Tajikistan,2006,7124000
Tajikistan,2007,7284000
Tajikistan,2008,7452000
Tajikistan,2009,7631000
Tajikistan,2010,7818000
Tajikistan,2011,8009000
Tajikistan,2012,8202000
Tajikistan,2013,8399000
Tajikistan,2014,8603000
Tajikistan,2015,8812000
Tajikistan,2016,9026000
Tanzania,2000,34173000
Tanzania,2001,35104000
Tanzania,2002,36052000
Tanzania,2003,37016000
Tanzania,2004,38002000
Tanzania,2005,39015000
Tanzania,2006,40060000
Tanzania,2007,41137000
Tanzania,2008,42249000
Tanzania,2009,43396000
Tanzania,2010,44585000
Tanzania,2011,45819000
Tanzania,2012,47100000
Tanzania,2013,48419000
Tanzania,2014,49770000
Tanzania,2015,51149000
Tanzania,2016,52549000
Thailand,2000,62994000
Thailand,2001,63492000
Thailand,2002,63976000
Thailand,2003,64449000
Thailand,2004,64935000
Thailand,2005,65435000
Thailand,2006,65929000
Thailand,2007,66413000
Thailand,2008,66882000
Thailand,2009,67337000
Thailand,2010,67780000
Thailand,2011,68207000
Thailand,2012,68640000
Thailand,2013,69302000
Thailand,2014,69862000
Thailand,2015,70145000
Thailand,2016,70421000
The Gambia,2000,1348000
The Gambia,2001,1381000
The Gambia,2002,1416000
The Gambia,2003,1453000
The Gambia,2004,1492000
The Gambia,2005,1533000
The Gambia,2006,1576000
The Gambia,2007,1620000
The Gambia,2008,1667000
The Gambia,2009,1716000
The Gambia,2010,1765000
The Gambia,2011,1816000
The Gambia,2012,1868000
The Gambia,2013,1920000
The Gambia,2014,1973000
The Gambia,2015,2026000
The Gambia,2016,2079000
Timor-Leste,2000,913000
Timor-Leste,2001,927000
Timor-Leste,2002,943000
Timor-Leste,2003,960000
Timor-Leste,2004,977000
Timor-Leste,2005,997000
Timor-Leste,2006,1017000
Timor-Leste,2007,1039000
Timor-Leste,2008,1062000
Timor-Leste,2009,1085000
Timor-Leste,2010,1109000
Timor-Leste,2011,1134000
Timor-Leste,2012,1159000
Timor-Leste,2013,1185000
Timor-Leste,2014,1210000
Timor-Leste,2015,1235000
Timor-Leste,2016,1261000
Togo,2000,4874000
Togo,2001,5007000
Togo,2002,5145000
Togo,2003,5286000
Togo,2004,5432000
Togo,2005,5581000
Togo,2006,5735000
Togo,2007,5891000
Togo,2008,6050000
Togo,2009,6212000
Togo,2010,6376000
Togo,2011,6541000
Togo,2012,6707000
Togo,2013,6872000
Togo,2014,7035000
Togo,2015,7197000
Togo,2016,7357000
Turkey,2000,65949000
Turkey,2001,66703000
Turkey,2002,67457000
Turkey,2003,68221000
Turkey,2004,69002000
Turkey,2005,69805000
Turkey,2006,70633000
Turkey,2007,71498000
Turkey,2008,72407000
Turkey,2009,73341000
Turkey,2010,74298000
Turkey,2011,75247000
Turkey,2012,76169000
Turkey,2013,77066000
Turkey,2014,77931000
Turkey,2015,78783000
Turkey,2016,79632000
Turkmenistan,2000,4203000
Turkmenistan,2001,4235000
Turkmenistan,2002,4266000
Turkmenistan,2003,4297000
Turkmenistan,2004,4328000
Turkmenistan,2005,4356000
Turkmenistan,2006,4386000
Turkmenistan,2007,4420000
Turkmenistan,2008,4459000
Turkmenistan,2009,4506000
Turkmenistan,2010,4560000
Turkmenistan,2011,4618000
Turkmenistan,2012,4678000
Turkmenistan,2013,4740000
Turkmenistan,2014,4802000
Turkmenistan,2015,4861000
Turkmenistan,2016,4920000
Uganda,2000,24306000
Uganda,2001,25127000
Uganda,2002,25952000
Uganda,2003,26773000
Uganda,2004,27592000
Uganda,2005,28412000
Uganda,2006,29236000
Uganda,2007,30064000
Uganda,2008,30894000
Uganda,2009,31730000
Uganda,2010,32575000
Uganda,2011,33435000
Uganda,2012,34316000
Uganda,2013,35219000
Uganda,2014,36146000
Uganda,2015,37099000
Uganda,2016,38076000
Uzbekistan,2000,25186000
Uzbekistan,2001,25539000
Uzbekistan,2002,25884000
Uzbekistan,2003,26224000
Uzbekistan,2004,26565000
Uzbekistan,2005,26912000
Uzbekistan,2006,27274000
Uzbekistan,2007,27657000
Uzbekistan,2008,28060000
Uzbekistan,2009,28484000
Uzbekistan,2010,28926000
Uzbekistan,2011,29384000
Uzbekistan,2012,29856000
Uzbekistan,2013,30339000
Uzbekistan,2014,30828000
Uzbekistan,2015,31312000
Uzbekistan,2016,31782000
Vanuatu,2000,192000
Vanuatu,2001,197000
Vanuatu,2002,203000
Vanuatu,2003,208000
Vanuatu,2004,214000
Vanuatu,2005,219000
Vanuatu,2006,225000
Vanuatu,2007,230000
Vanuatu,2008,236000
Vanuatu,2009,242000
Vanuatu,2010,248000
Vanuatu,2011,253000
Vanuatu,2012,259000
Vanuatu,2013,265000
Vanuatu,2014,270000
Vanuatu,2015,276000
Vanuatu,2016,282000
Venezuela,2000,23198000
Venezuela,2001,23636000
Venezuela,2002,24039000
Venezuela,2003,24445000
Venezuela,2004,24903000
Venezuela,2005,25416000
Venezuela,2006,25934000
Venezuela,2007,26420000
Venezuela,2008,26869000
Venezuela,2009,27306000
Venezuela,2010,27750000
Venezuela,2011,28203000
Venezuela,2012,28665000
Venezuela,2013,29116000
Venezuela,2014,29554000
Venezuela,2015,29987000
Venezuela,2016,30415000
Vietnam,2000,80360000
Vietnam,2001,81331000
Vietnam,2002,82276000
Vietnam,2003,83213000
Vietnam,2004,84129000
Vietnam,2005,85035000
Vietnam,2006,85977000
Vietnam,2007,86938000
Vietnam,2008,87879000
Vietnam,2009,88828000
Vietnam,2010,89794000
Vietnam,2011,90772000
Vietnam,2012,91756000
Vietnam,2013,92714000
Vietnam,2014,93633000
Vietnam,2015,94509000
Vietnam,2016,95343000
Yemen,2000,18706000
Yemen,2001,19258000
Yemen,2002,19831000
Yemen,2003,20427000
Yemen,2004,21050000
Yemen,2005,21700000
Yemen,2006,22369000
Yemen,2007,23055000
Yemen,2008,23750000
Yemen,2009,24458000
Yemen,2010,25182000
Yemen,2011,25920000
Yemen,2012,26666000
Yemen,2013,27423000
Yemen,2014,28186000
Yemen,2015,28945000
Yemen,2016,29697000
Zambia,2000,9881000
Zambia,2001,10151000
Zambia,2002,10446000
Zambia,2003,10768000
Zambia,2004,11116000
Zambia,2005,11489000
Zambia,2006,11885000
Zambia,2007,12302000
Zambia,2008,12739000
Zambia,2009,13196000
Zambia,2010,13670000
Zambia,2011,14160000
Zambia,2012,14664000
Zambia,2013,15181000
Zambia,2014,15710000
Zambia,2015,16251000
Zambia,2016,16802000
Zimbabwe,2000,11962000
Zimbabwe,2001,12045000
Zimbabwe,2002,12126000
Zimbabwe,2003,12208000
Zimbabwe,2004,12292000
Zimbabwe,2005,12381000
Zimbabwe,2006,12478000
Zimbabwe,2007,12588000
Zimbabwe,2008,12711000
Zimbabwe,2009,12849000
Zimbabwe,2010,13012000
Zimbabwe,2011,13204000
Zimbabwe,2012,13423000
Zimbabwe,2013,13661000
Zimbabwe,2014,13913000
Zimbabwe,2015,14175000
Zimbabwe,2016,14442000
